{
  "__inputs": [
    {
      "name": "DS_AppDynamics_Cloud",
      "label": "${DS_AppDynamics_Cloud}",
      "description": "",
      "type": "datasource",
      "pluginId": "appdynamicscloud",
      "pluginName": "${DS_AppDynamics_Cloud}"
    }
  ],
  "__elements": {},
  "__requires": [
    {
      "type": "grafana",
      "id": "grafana",
      "name": "Grafana",
      "version": "9.0.5"
    },
    {
      "type": "datasource",
      "id": "appdynamicscloud",
      "name": "${DS_AppDynamics_Cloud}",
      "version": "1.0.0"
    }
  ],
  "annotations": {
    "list": [
      {
        "builtIn": 1,
        "datasource": {
          "type": "grafana",
          "uid": "${DS_AppDynamics_Cloud}"
        },
        "enable": true,
        "hide": true,
        "iconColor": "rgba(0, 211, 255, 1)",
        "name": "Annotations & Alerts",
        "target": {
          "limit": 100,
          "matchAny": false,
          "tags": [],
          "type": "dashboard"
        },
        "type": "dashboard"
      }
    ]
  },
  "editable": true,
  "fiscalYearStartMonth": 0,
  "graphTooltip": 0,
  "id": null,
  "links": [],
  "liveNow": false,
  "panels": [
    {
      "datasource": {
        "type": "appdynamicscloud",
        "uid": "${DS_AppDynamics_Cloud}"
      },
      "description": "Service instances count by status for the selected services. Click the value to open AppDynamics Cloud UI.",
      "fieldConfig": {
        "defaults": {
          "color": {
            "fixedColor": "blue",
            "mode": "fixed"
          },
          "mappings": [],
          "thresholds": {
            "mode": "absolute",
            "steps": [
              {
                "color": "text",
                "value": null
              }
            ]
          }
        },
        "overrides": [
          {
            "matcher": {
              "id": "byName",
              "options": "Normal"
            },
            "properties": [
              {
                "id": "color",
                "value": {
                  "fixedColor": "green",
                  "mode": "fixed"
                }
              },
              {
                "id": "links",
                "value": [
                  {
                    "targetBlank": true,
                    "title": "Normal Instances - Click the value to open AppDynamics Cloud UI",
                    "url": "${Source}/ui/observe/apm/service_instance?filter=attributes(status) IN [0]%26%26%20attributes(service.name) IN [${ServiceName:singlequote}]&since=${__from}&until=${__to}"
                  }
                ]
              }
            ]
          },
          {
            "matcher": {
              "id": "byName",
              "options": "Critical"
            },
            "properties": [
              {
                "id": "color",
                "value": {
                  "fixedColor": "red",
                  "mode": "fixed"
                }
              },
              {
                "id": "links",
                "value": [
                  {
                    "targetBlank": true,
                    "title": "Critical Instances - Click the value to open AppDynamics Cloud UI",
                    "url": "${Source}/ui/observe/apm/service_instance?filter=attributes(status) IN [3]%26%26%20attributes(service.name) IN [${ServiceName:singlequote}]&since=${__from}&until=${__to}"
                  }
                ]
              }
            ]
          },
          {
            "matcher": {
              "id": "byName",
              "options": "Warning"
            },
            "properties": [
              {
                "id": "color",
                "value": {
                  "fixedColor": "orange",
                  "mode": "fixed"
                }
              },
              {
                "id": "links",
                "value": [
                  {
                    "targetBlank": true,
                    "title": "Warning Instances - Click the value to open AppDynamics Cloud UI",
                    "url": "${Source}/ui/observe/apm/service_instance?filter=attributes(status) IN [2]%26%26%20attributes(service.name) IN [${ServiceName:singlequote}]&since=${__from}&until=${__to}"
                  }
                ]
              }
            ]
          },
          {
            "matcher": {
              "id": "byName",
              "options": "Unknown"
            },
            "properties": [
              {
                "id": "color",
                "value": {
                  "fixedColor": "#677384",
                  "mode": "fixed"
                }
              },
              {
                "id": "links",
                "value": [
                  {
                    "targetBlank": true,
                    "title": "Unknown Instances - Click the value to open AppDynamics Cloud UI",
                    "url": "${Source}/ui/observe/apm/service_instance?filter=attributes(status) IN [1,null]%26%26%20attributes(service.name) IN [${ServiceName:singlequote}]&since=${__from}&until=${__to}"
                  }
                ]
              }
            ]
          }
        ]
      },
      "gridPos": {
        "h": 6,
        "w": 10,
        "x": 0,
        "y": 0
      },
      "id": 15,
      "options": {
        "colorMode": "value",
        "graphMode": "area",
        "justifyMode": "center",
        "orientation": "auto",
        "reduceOptions": {
          "calcs": [
            "lastNotNull"
          ],
          "fields": "",
          "values": false
        },
        "textMode": "auto"
      },
      "pluginVersion": "9.0.5",
      "targets": [
        {
          "constant": 6.5,
          "datasource": {
            "type": "appdynamicscloud",
            "uid": "${DS_AppDynamics_Cloud}"
          },
          "queryText": "fetch  Normal: count from entities(apm:service) [ attributes(service.name) IN [${ServiceName:singlequote} ]].out.to(apm:service_instance) [attributes(status) = 0 ]",
          "queryTypeSelected": "querybox",
          "refId": "A"
        },
        {
          "constant": 6.5,
          "datasource": {
            "type": "appdynamicscloud",
            "uid": "${DS_AppDynamics_Cloud}"
          },
          "hide": false,
          "queryText": "fetch  Critical: count from entities(apm:service) [attributes(service.name) IN [${ServiceName:singlequote} ]] .out.to(apm:service_instance) [attributes(status) = 3]",
          "queryTypeSelected": "querybox",
          "refId": "B"
        },
        {
          "constant": 6.5,
          "datasource": {
            "type": "appdynamicscloud",
            "uid": "${DS_AppDynamics_Cloud}"
          },
          "hide": false,
          "queryText": "fetch  Warning : count from entities(apm:service) [ attributes(service.name) IN [${ServiceName:singlequote} ]] .out.to(apm:service_instance)  [attributes(status) = 2]",
          "queryTypeSelected": "querybox",
          "refId": "C"
        },
        {
          "constant": 6.5,
          "datasource": {
            "type": "appdynamicscloud",
            "uid": "${DS_AppDynamics_Cloud}"
          },
          "hide": false,
          "queryText": "fetch  Unknown: count from entities(apm:service) [ attributes(service.name) IN [${ServiceName:singlequote} ]] .out.to(apm:service_instance)  [attributes(status) IN [1,null]]",
          "queryTypeSelected": "querybox",
          "refId": "D"
        }
      ],
      "title": "Service Instances",
      "transformations": [
        {
          "id": "concatenate",
          "options": {
            "frameNameLabel": "frame",
            "frameNameMode": "drop"
          }
        }
      ],
      "type": "stat"
    },
    {
      "datasource": {
        "type": "appdynamicscloud",
        "uid": "${DS_AppDynamics_Cloud}"
      },
      "description": "Average Response Time for the selected service instances over the selected time period. ",
      "fieldConfig": {
        "defaults": {
          "color": {
            "mode": "palette-classic"
          },
          "custom": {
            "axisCenteredZero": false,
            "axisColorMode": "text",
            "axisLabel": "",
            "axisPlacement": "auto",
            "barAlignment": 0,
            "drawStyle": "line",
            "fillOpacity": 25,
            "gradientMode": "none",
            "hideFrom": {
              "legend": false,
              "tooltip": false,
              "viz": false
            },
            "lineInterpolation": "linear",
            "lineWidth": 1,
            "pointSize": 5,
            "scaleDistribution": {
              "type": "linear"
            },
            "showPoints": "auto",
            "spanNulls": false,
            "stacking": {
              "group": "A",
              "mode": "none"
            },
            "thresholdsStyle": {
              "mode": "off"
            }
          },
          "mappings": [],
          "thresholds": {
            "mode": "absolute",
            "steps": [
              {
                "color": "green",
                "value": null
              }
            ]
          },
          "unit": "ns"
        },
        "overrides": []
      },
      "gridPos": {
        "h": 10,
        "w": 14,
        "x": 10,
        "y": 0
      },
      "id": 16,
      "options": {
        "legend": {
          "calcs": [],
          "displayMode": "list",
          "placement": "bottom",
          "showLegend": true
        },
        "tooltip": {
          "mode": "single",
          "sort": "none"
        }
      },
      "targets": [
        {
          "constant": 6.5,
          "datasource": {
            "type": "appdynamicscloud",
            "uid": "${DS_AppDynamics_Cloud}"
          },
          "queryText": "FETCH   attributes(service.instance.id),   `Avg Response Time :` : metrics(apm:response_time, `sys:derived`) \nFROM   entities(apm:service) [ attributes(service.name) IN [${ServiceName:singlequote}]] .out.to(apm:service_instance) [ attributes(service.instance.id)  in [ ${ServiceInstance:singlequote}] ] SINCE $__from UNTIL $__to ",
          "queryTypeSelected": "querybox",
          "refId": "A"
        }
      ],
      "title": "Average Response Time: $ServiceInstance",
      "type": "timeseries"
    },
    {
      "datasource": {
        "type": "appdynamicscloud",
        "uid": "${DS_AppDynamics_Cloud}"
      },
      "description": "Navigate to AppDynamics Cloud UI.",
      "gridPos": {
        "h": 4,
        "w": 10,
        "x": 0,
        "y": 6
      },
      "id": 18,
      "options": {
        "code": {
          "language": "plaintext",
          "showLineNumbers": false,
          "showMiniMap": false
        },
        "content": "<br/>\n<a href=\"${Source}/ui/observe/apm/service_instance?filter=attributes(status) IN [${InstanceStatus:raw}]%26%26%20attributes(service.name) IN [${ServiceName:singlequote}]&since=${__from}&until=${__to}\" target=\"_blank\">\n  <div style=\"display:flex;justify-content:center;align-items: center;\">\n    <img src=\"./public/plugins/appdynamicscloud/img/logo.svg\" width='48' height='48' alt=\"AppDynamicsLogo\" />\n    <h3 style=\"margin-bottom:0;font-size:28px;padding-left:10px;font-weight:bold\">Click here to view more <br/> on \n    AppDynamics Cloud<h3>\n  </div>\n</a> ",
        "mode": "html"
      },
      "pluginVersion": "9.0.5",
      "type": "text"
    },
    {
      "datasource": {
        "type": "appdynamicscloud",
        "uid": "${DS_AppDynamics_Cloud}"
      },
      "description": "Mean Number of calls per minute from the selected service instances over the selected time period. ",
      "fieldConfig": {
        "defaults": {
          "displayName": "Calls per min (Mean)",
          "mappings": [],
          "thresholds": {
            "mode": "absolute",
            "steps": [
              {
                "color": "blue",
                "value": null
              }
            ]
          },
          "unit": "short"
        },
        "overrides": []
      },
      "gridPos": {
        "h": 7,
        "w": 10,
        "x": 0,
        "y": 10
      },
      "id": 23,
      "options": {
        "colorMode": "value",
        "graphMode": "area",
        "justifyMode": "center",
        "orientation": "auto",
        "reduceOptions": {
          "calcs": [
            "mean"
          ],
          "fields": "",
          "values": false
        },
        "textMode": "auto"
      },
      "pluginVersion": "9.0.5",
      "targets": [
        {
          "constant": 6.5,
          "datasource": {
            "type": "appdynamicscloud",
            "uid": "${DS_AppDynamics_Cloud}"
          },
          "queryText": "FETCH    `Calls per min :` : metrics(apm:calls_min, `sys:derived`) FROM   entities(apm:service) [ attributes(service.name) in [${ServiceName:singlequote}]] .out.to(apm:service_instance) [ attributes(service.instance.id)  in [ ${ServiceInstance:singlequote}] ]  SINCE $__from UNTIL $__to",
          "queryTypeSelected": "querybox",
          "refId": "A"
        }
      ],
      "title": "$ServiceInstance",
      "transformations": [
        {
          "id": "calculateField",
          "options": {
            "mode": "reduceRow",
            "reduce": {
              "include": [
                "Calls per min :"
              ],
              "reducer": "mean"
            },
            "replaceFields": true
          }
        }
      ],
      "type": "stat"
    },
    {
      "datasource": {
        "type": "appdynamicscloud",
        "uid": "${DS_AppDynamics_Cloud}"
      },
      "description": "Number of calls per minute from the selected service instances over the selected time period. ",
      "fieldConfig": {
        "defaults": {
          "color": {
            "fixedColor": "blue",
            "mode": "palette-classic"
          },
          "custom": {
            "axisCenteredZero": false,
            "axisColorMode": "text",
            "axisLabel": "",
            "axisPlacement": "auto",
            "barAlignment": 0,
            "drawStyle": "line",
            "fillOpacity": 25,
            "gradientMode": "none",
            "hideFrom": {
              "legend": false,
              "tooltip": false,
              "viz": false
            },
            "lineInterpolation": "linear",
            "lineWidth": 1,
            "pointSize": 5,
            "scaleDistribution": {
              "type": "linear"
            },
            "showPoints": "auto",
            "spanNulls": false,
            "stacking": {
              "group": "A",
              "mode": "none"
            },
            "thresholdsStyle": {
              "mode": "off"
            }
          },
          "mappings": [],
          "thresholds": {
            "mode": "absolute",
            "steps": [
              {
                "color": "text",
                "value": null
              }
            ]
          }
        },
        "overrides": []
      },
      "gridPos": {
        "h": 7,
        "w": 14,
        "x": 10,
        "y": 10
      },
      "id": 25,
      "options": {
        "legend": {
          "calcs": [],
          "displayMode": "list",
          "placement": "bottom",
          "showLegend": true
        },
        "tooltip": {
          "mode": "single",
          "sort": "none"
        }
      },
      "targets": [
        {
          "constant": 6.5,
          "datasource": {
            "type": "appdynamicscloud",
            "uid": "${DS_AppDynamics_Cloud}"
          },
          "queryText": "FETCH   attributes(service.instance.id),   `Calls per min :` : metrics(apm:calls_min, `sys:derived`) FROM   entities(apm:service) [ attributes(service.name) in [${ServiceName:singlequote}]] .out.to(apm:service_instance) [ attributes(service.instance.id)  in [ ${ServiceInstance:singlequote}] ]  SINCE $__from UNTIL $__to",
          "queryTypeSelected": "querybox",
          "refId": "A"
        }
      ],
      "title": "Calls per min: $ServiceInstance",
      "type": "timeseries"
    },
    {
      "datasource": {
        "type": "appdynamicscloud",
        "uid": "${DS_AppDynamics_Cloud}"
      },
      "description": "Total Number of errors per minute for the selected services.",
      "fieldConfig": {
        "defaults": {
          "decimals": 0,
          "displayName": "Total Errors",
          "mappings": [],
          "thresholds": {
            "mode": "absolute",
            "steps": [
              {
                "color": "red",
                "value": null
              }
            ]
          },
          "unit": "short"
        },
        "overrides": []
      },
      "gridPos": {
        "h": 7,
        "w": 10,
        "x": 0,
        "y": 17
      },
      "id": 24,
      "options": {
        "colorMode": "value",
        "graphMode": "area",
        "justifyMode": "center",
        "orientation": "auto",
        "reduceOptions": {
          "calcs": [
            "sum"
          ],
          "fields": "",
          "values": false
        },
        "textMode": "auto"
      },
      "pluginVersion": "9.0.5",
      "targets": [
        {
          "constant": 6.5,
          "datasource": {
            "type": "appdynamicscloud",
            "uid": "${DS_AppDynamics_Cloud}"
          },
          "queryText": "FETCH     `Errors per min :` : metrics(apm:errors_min, `sys:derived`) FROM   entities(apm:service) [ attributes(service.name) in [${ServiceName:singlequote}]] .out.to(apm:service_instance) [ attributes(service.instance.id)  in [ ${ServiceInstance:singlequote}] ]  SINCE $__from UNTIL $__to",
          "queryTypeSelected": "querybox",
          "refId": "A"
        }
      ],
      "title": "$ServiceInstance",
      "transformations": [
        {
          "id": "calculateField",
          "options": {
            "mode": "reduceRow",
            "reduce": {
              "include": [
                "Errors per min :"
              ],
              "reducer": "sum"
            },
            "replaceFields": true
          }
        }
      ],
      "type": "stat"
    },
    {
      "datasource": {
        "type": "appdynamicscloud",
        "uid": "${DS_AppDynamics_Cloud}"
      },
      "description": "Number of Errors per minute for the selected service instances over the selected time period. ",
      "fieldConfig": {
        "defaults": {
          "color": {
            "fixedColor": "red",
            "mode": "fixed"
          },
          "custom": {
            "axisCenteredZero": false,
            "axisColorMode": "text",
            "axisLabel": "",
            "axisPlacement": "auto",
            "barAlignment": 0,
            "drawStyle": "line",
            "fillOpacity": 0,
            "gradientMode": "none",
            "hideFrom": {
              "legend": false,
              "tooltip": false,
              "viz": false
            },
            "lineInterpolation": "linear",
            "lineWidth": 1,
            "pointSize": 5,
            "scaleDistribution": {
              "type": "linear"
            },
            "showPoints": "auto",
            "spanNulls": false,
            "stacking": {
              "group": "A",
              "mode": "none"
            },
            "thresholdsStyle": {
              "mode": "off"
            }
          },
          "mappings": [],
          "thresholds": {
            "mode": "absolute",
            "steps": [
              {
                "color": "red",
                "value": null
              }
            ]
          }
        },
        "overrides": []
      },
      "gridPos": {
        "h": 7,
        "w": 14,
        "x": 10,
        "y": 17
      },
      "id": 22,
      "options": {
        "legend": {
          "calcs": [],
          "displayMode": "list",
          "placement": "bottom",
          "showLegend": true
        },
        "tooltip": {
          "mode": "single",
          "sort": "none"
        }
      },
      "targets": [
        {
          "constant": 6.5,
          "datasource": {
            "type": "appdynamicscloud",
            "uid": "${DS_AppDynamics_Cloud}"
          },
          "queryText": "FETCH   attributes(service.instance.id),   `Errors per min :` : metrics(apm:errors_min, `sys:derived`) FROM   entities(apm:service) [ attributes(service.name) in [${ServiceName:singlequote}]] .out.to(apm:service_instance) [ attributes(service.instance.id)  in [ ${ServiceInstance:singlequote}] ]  SINCE $__from UNTIL $__to",
          "queryTypeSelected": "querybox",
          "refId": "A"
        }
      ],
      "title": "Errors per min: $ServiceInstance",
      "type": "timeseries"
    },
    {
      "datasource": {
        "type": "appdynamicscloud",
        "uid": "${DS_AppDynamics_Cloud}"
      },
      "description": "Detailed metrics of the incoming calls from the selected service instances.",
      "fieldConfig": {
        "defaults": {
          "color": {
            "mode": "thresholds"
          },
          "custom": {
            "align": "center",
            "displayMode": "auto",
            "inspect": false
          },
          "mappings": [],
          "thresholds": {
            "mode": "absolute",
            "steps": [
              {
                "color": "text",
                "value": null
              }
            ]
          }
        },
        "overrides": [
          {
            "matcher": {
              "id": "byName",
              "options": "Status"
            },
            "properties": [
              {
                "id": "custom.width",
                "value": 113
              },
              {
                "id": "custom.displayMode",
                "value": "color-background"
              },
              {
                "id": "mappings",
                "value": [
                  {
                    "options": {
                      "0": {
                        "color": "green",
                        "index": 3,
                        "text": "Normal"
                      },
                      "1": {
                        "color": "#677384",
                        "index": 0,
                        "text": "Unknown"
                      },
                      "2": {
                        "color": "orange",
                        "index": 1,
                        "text": "Warning"
                      },
                      "3": {
                        "color": "red",
                        "index": 2,
                        "text": "Critical"
                      }
                    },
                    "type": "value"
                  },
                  {
                    "options": {
                      "match": "null",
                      "result": {
                        "color": "#677384",
                        "index": 4,
                        "text": "Not Available"
                      }
                    },
                    "type": "special"
                  }
                ]
              }
            ]
          },
          {
            "matcher": {
              "id": "byName",
              "options": "Calls per min"
            },
            "properties": [
              {
                "id": "custom.width",
                "value": 97
              }
            ]
          },
          {
            "matcher": {
              "id": "byName",
              "options": "Errors per min"
            },
            "properties": [
              {
                "id": "custom.width",
                "value": 103
              }
            ]
          },
          {
            "matcher": {
              "id": "byName",
              "options": "Avg Response Time"
            },
            "properties": [
              {
                "id": "custom.width",
                "value": 145
              }
            ]
          },
          {
            "matcher": {
              "id": "byName",
              "options": "Errors/min"
            },
            "properties": [
              {
                "id": "custom.width",
                "value": 85
              }
            ]
          },
          {
            "matcher": {
              "id": "byName",
              "options": "Calls/min"
            },
            "properties": [
              {
                "id": "custom.width",
                "value": 97
              }
            ]
          }
        ]
      },
      "gridPos": {
        "h": 9,
        "w": 10,
        "x": 0,
        "y": 24
      },
      "id": 2,
      "options": {
        "footer": {
          "fields": "",
          "reducer": [
            "sum"
          ],
          "show": false
        },
        "showHeader": true,
        "sortBy": []
      },
      "pluginVersion": "9.0.5",
      "targets": [
        {
          "constant": 6.5,
          "datasource": {
            "type": "appdynamicscloud",
            "uid": "${DS_AppDynamics_Cloud}"
          },
          "queryText": "SINCE $__from UNTIL $__to FROM a30: entities(apm:service_instance) [attributes(service.instance.id)in [${ServiceInstance:singlequote}]]  .in(common:interaction_to).from[attributes(`interaction.context.id`) = ''].out(common:interaction_from).to(apm:service) FETCH Status: attributes(status),  Source: a30.attributes(service.name), `Avg Response Time`: a30.metrics(apm:response_time,`sys:derived`).value/1000000,  `Calls/min`: a30.metrics(apm:calls_min,`sys:derived`).value,  `Errors/min`: a30.metrics(apm:errors_min,`sys:derived`).value LIMITS metrics.round(2)",
          "queryTypeSelected": "querybox",
          "refId": "A"
        }
      ],
      "title": "Incoming Calls to Service Instance: $ServiceInstance",
      "type": "table"
    },
    {
      "datasource": {
        "type": "appdynamicscloud",
        "uid": "${DS_AppDynamics_Cloud}"
      },
      "description": "Detailed metrics of the outgoing calls from the selected service instances.",
      "fieldConfig": {
        "defaults": {
          "color": {
            "mode": "thresholds"
          },
          "custom": {
            "align": "center",
            "displayMode": "auto",
            "inspect": false
          },
          "mappings": [],
          "thresholds": {
            "mode": "absolute",
            "steps": [
              {
                "color": "text",
                "value": null
              }
            ]
          }
        },
        "overrides": [
          {
            "matcher": {
              "id": "byName",
              "options": "Status"
            },
            "properties": [
              {
                "id": "custom.width",
                "value": 137
              },
              {
                "id": "custom.displayMode",
                "value": "color-background"
              },
              {
                "id": "mappings",
                "value": [
                  {
                    "options": {
                      "0": {
                        "color": "semi-dark-green",
                        "index": 0,
                        "text": "Normal"
                      },
                      "1": {
                        "color": "#677384",
                        "index": 1,
                        "text": "Unknown"
                      },
                      "2": {
                        "color": "orange",
                        "index": 2,
                        "text": "Warning"
                      },
                      "3": {
                        "color": "red",
                        "index": 3,
                        "text": "Critical"
                      }
                    },
                    "type": "value"
                  },
                  {
                    "options": {
                      "match": "null",
                      "result": {
                        "color": "#677384",
                        "index": 4,
                        "text": "Not Available"
                      }
                    },
                    "type": "special"
                  }
                ]
              }
            ]
          },
          {
            "matcher": {
              "id": "byName",
              "options": "Calls/min"
            },
            "properties": [
              {
                "id": "custom.width",
                "value": 127
              }
            ]
          },
          {
            "matcher": {
              "id": "byName",
              "options": "Errors/min"
            },
            "properties": [
              {
                "id": "custom.width",
                "value": 111
              }
            ]
          },
          {
            "matcher": {
              "id": "byName",
              "options": "Avg Response Time"
            },
            "properties": [
              {
                "id": "custom.width",
                "value": 148
              }
            ]
          }
        ]
      },
      "gridPos": {
        "h": 9,
        "w": 14,
        "x": 10,
        "y": 24
      },
      "id": 21,
      "options": {
        "footer": {
          "fields": "",
          "reducer": [
            "sum"
          ],
          "show": false
        },
        "showHeader": true,
        "sortBy": []
      },
      "pluginVersion": "9.0.5",
      "targets": [
        {
          "constant": 6.5,
          "datasource": {
            "type": "appdynamicscloud",
            "uid": "${DS_AppDynamics_Cloud}"
          },
          "queryText": "FROM a55: entities(apm:service_instance)[attributes(service.instance.id) in [ ${ServiceInstance:singlequote}]].in(common:interaction_from).from[attributes(`interaction.context.id`) = ''].out(common:interaction_to).to(apm:backend)\nFETCH\nStatus: a55.attributes(status) ,\n`Destination` : a55.attributes(backend.name),\n`Avg Response Time` :  a55.metrics(apm:response_time, `APM`).value / 1000000,\n `Calls/min`:  a55.metrics(apm:calls_min, `APM`).value,\n `Errors/min`:  a55.metrics(apm:errors_min, `APM`).value\nLIMITS metrics.round(2), topology.count(1000)\nSINCE $__from UNTIL $__to",
          "queryTypeSelected": "querybox",
          "refId": "A"
        },
        {
          "constant": 6.5,
          "datasource": {
            "type": "appdynamicscloud",
            "uid": "${DS_AppDynamics_Cloud}"
          },
          "hide": false,
          "queryText": "FROM a52: entities(apm:service_instance)[attributes(service.instance.id) in [ ${ServiceInstance:singlequote}]].in(common:interaction_from).from[attributes(`interaction.context.id`) = ''].out(common:interaction_to).to(apm:service)\n FETCH Status: a52.attributes(status),\n`Destination` :  a52.attributes(service.name), `Avg Response Time` : a52.metrics(apm:response_time, `sys:derived`).value / 1000000,  `Calls/min`:  a52.metrics(apm:calls_min, `sys:derived`).value,  `Errors/min`: a52.metrics(apm:errors_min, `sys:derived`).value LIMITS metrics.round(2), topology.count(1000)\nSINCE $__from UNTIL $__to",
          "queryTypeSelected": "querybox",
          "refId": "B"
        }
      ],
      "title": "Outgoing Calls from Service Instance: $ServiceInstance",
      "transformations": [
        {
          "id": "merge",
          "options": {}
        }
      ],
      "type": "table"
    }
  ],
  "refresh": false,
  "schemaVersion": 36,
  "style": "dark",
  "tags": [],
  "templating": {
    "list": [
      {
        "current": {
          "selected": true,
          "text": "",
          "value": ""
        },
        "datasource": {
          "type": "appdynamicscloud",
          "uid": "${DS_AppDynamics_Cloud}"
        },
        "definition": "FETCH   attributes(service.name) from entities(apm:service)",
        "hide": 0,
        "includeAll": false,
        "label": "Service Name",
        "multi": true,
        "name": "ServiceName",
        "options": [],
        "query": {
          "rawQuery": "FETCH   attributes(service.name) from entities(apm:service)"
        },
        "refresh": 1,
        "regex": "",
        "skipUrlSync": false,
        "sort": 0,
        "type": "query"
      },
      {
        "current": {
          "selected": true,
          "text": [
            "Normal/Healthy",
            "Warning",
            "Critical",
            "Unknown"
          ],
          "value": [
            "0",
            "2",
            "3",
            "1,null"
          ]
        },
        "hide": 0,
        "includeAll": false,
        "multi": true,
        "name": "InstanceStatus",
        "options": [
          {
            "selected": true,
            "text": "Critical",
            "value": "3"
          },
          {
            "selected": true,
            "text": "Warning",
            "value": "2"
          },
          {
            "selected": true,
            "text": "Normal/Healthy",
            "value": "0"
          },
          {
            "selected": true,
            "text": "Unknown",
            "value": "1,null"
          }
        ],
        "query": "Critical : 3, Warning : 2, Normal/Healthy : 0, Unknown : 1\\,null",
        "queryValue": "",
        "skipUrlSync": false,
        "type": "custom"
      },
      {
        "current": {
          "selected": true,
          "text": "",
          "value": ""
        },
        "datasource": {
          "type": "appdynamicscloud",
          "uid": "${DS_AppDynamics_Cloud}"
        },
        "definition": "FETCH attributes(service.instance.id) from entities (apm:service) [ attributes(service.name)in [${ServiceName:singlequote}]]  .out.to(apm:service_instance) [attributes(status) in [ ${InstanceStatus:raw}]]",
        "hide": 0,
        "includeAll": false,
        "label": "Service Instances",
        "multi": true,
        "name": "ServiceInstance",
        "options": [],
        "query": {
          "rawQuery": "FETCH attributes(service.instance.id) from entities (apm:service) [ attributes(service.name) in [${ServiceName:singlequote}]]  .out.to(apm:service_instance) [attributes(status) in [ ${InstanceStatus:raw}]]"
        },
        "refresh": 1,
        "regex": "",
        "skipUrlSync": false,
        "sort": 1,
        "type": "query"
      },
      {
        "current": {
          "selected": false,
          "text": "",
          "value": ""
        },
        "datasource": {
          "type": "appdynamicscloud",
          "uid": "${DS_AppDynamics_Cloud}"
        },
        "definition": "configURL",
        "hide": 2,
        "includeAll": false,
        "multi": false,
        "name": "Source",
        "options": [],
        "query": {
          "rawQuery": "configURL"
        },
        "refresh": 1,
        "regex": "",
        "skipUrlSync": false,
        "sort": 0,
        "type": "query"
      }
    ]
  },
  "time": {
    "from": "now-1h",
    "to": "now"
  },
  "timepicker": {},
  "timezone": "browser",
  "title": "AppDynamics APM Monitoring",
  "uid": "AppDynamics_APM",
  "version": 1,
  "weekStart": ""
}